8,[2001] keflavik,acook814@gmail.com
78,[2001] keflavik,acook814@gmail.com
85,[2001] keflavik,acook814@gmail.com
86,[2001] keflavik,acook814@gmail.com
87,[2001] keflavik,acook814@gmail.com
109,[2001] keflavik,acook814@gmail.com
141,[2001] keflavik,acook814@gmail.com
144,[2001] keflavik,acook814@gmail.com
266,[2001] keflavik,acook814@gmail.com
267,[2001] keflavik,acook814@gmail.com
118,[1909] thimblerig,swaller280@yahoo.com
98,[1909] thimblerig,swaller280@yahoo.com
46,[1909] thimblerig,swaller280@yahoo.com
47,[1909] thimblerig,swaller280@yahoo.com
104,[1909] thimblerig,swaller280@yahoo.com
105,[1909] thimblerig,swaller280@yahoo.com
106,[1909] thimblerig,swaller280@yahoo.com
111,[1909] thimblerig,swaller280@yahoo.com
129,[1909] thimblerig,swaller280@yahoo.com
142,[1909] thimblerig,swaller280@yahoo.com
157,[1909] thimblerig,swaller280@yahoo.com
167,[1909] thimblerig,swaller280@yahoo.com
178,[1909] thimblerig,swaller280@yahoo.com
186,[1909] thimblerig,swaller280@yahoo.com
198,[1909] thimblerig,swaller280@yahoo.com
205,[1909] thimblerig,swaller280@yahoo.com
215,[1905] fishfeathers,cvalencia294@hotmail.com
216,[1905] fishfeathers,cvalencia294@hotmail.com
217,[1905] fishfeathers,cvalencia294@hotmail.com
114,[1905] fishfeathers,cvalencia294@hotmail.com
115,[1905] fishfeathers,cvalencia294@hotmail.com
116,[1905] fishfeathers,cvalencia294@hotmail.com
289,[1905] fishfeathers,cvalencia294@hotmail.com
290,[1905] fishfeathers,cvalencia294@hotmail.com
291,[1905] fishfeathers,cvalencia294@hotmail.com
281,[1905] fishfeathers,cvalencia294@hotmail.com
282,[1905] fishfeathers,cvalencia294@hotmail.com
283,[1905] fishfeathers,cvalencia294@hotmail.com
284,[1905] fishfeathers,cvalencia294@hotmail.com
268,[1905] fishfeathers,cvalencia294@hotmail.com
269,[1905] fishfeathers,cvalencia294@hotmail.com
230,[1912] the slow great swing ,psingleton493@live.com
232,[1912] the slow great swing ,psingleton493@live.com
233,[1912] the slow great swing ,psingleton493@live.com
213,[1912] the slow great swing ,psingleton493@live.com
194,[1912] the slow great swing ,psingleton493@live.com
195,[1912] the slow great swing ,psingleton493@live.com
51,[1912] the slow great swing ,psingleton493@live.com
40,[1912] the slow great swing ,psingleton493@live.com
20,[1912] the slow great swing ,psingleton493@live.com
21,[1912] the slow great swing ,psingleton493@live.com
8,oh no oh no,dking758@gmail.com
24,oh no oh no,dking758@gmail.com
33,oh no oh no,dking758@gmail.com
55,oh no oh no,dking758@gmail.com
56,oh no oh no,dking758@gmail.com
69,oh no oh no,dking758@gmail.com
84,oh no oh no,dking758@gmail.com
74,oh no oh no,dking758@gmail.com
76,oh no oh no,dking758@gmail.com
101,oh no oh no,dking758@gmail.com
136,oh no oh no,dking758@gmail.com
146,oh no oh no,dking758@gmail.com
156,oh no oh no,dking758@gmail.com
157,oh no oh no,dking758@gmail.com
263,oh no oh no,dking758@gmail.com
277,oh no oh no,dking758@gmail.com
278,oh no oh no,dking758@gmail.com
279,oh no oh no,dking758@gmail.com
142,oh no oh no,dking758@gmail.com
143,oh no oh no,dking758@gmail.com
151,call me indie-ana jones,ilove424@live.com
157,call me indie-ana jones,ilove424@live.com
162,call me indie-ana jones,ilove424@live.com
163,call me indie-ana jones,ilove424@live.com
202,call me indie-ana jones,ilove424@live.com
204,call me indie-ana jones,ilove424@live.com
206,call me indie-ana jones,ilove424@live.com
222,call me indie-ana jones,ilove424@live.com
229,call me indie-ana jones,ilove424@live.com
151,rick rock and roll,ilove424@live.com
152,rick rock and roll,ilove424@live.com
157,rick rock and roll,ilove424@live.com
162,rick rock and roll,ilove424@live.com
185,rick rock and roll,ilove424@live.com
186,rick rock and roll,ilove424@live.com
204,rick rock and roll,ilove424@live.com
261,rick rock and roll,ilove424@live.com
262,rick rock and roll,ilove424@live.com
112,late night study,adelarosa342@yahoo.com
113,late night study,adelarosa342@yahoo.com
114,late night study,adelarosa342@yahoo.com
115,late night study,adelarosa342@yahoo.com
116,late night study,adelarosa342@yahoo.com
216,late night study,adelarosa342@yahoo.com
217,late night study,adelarosa342@yahoo.com
218,late night study,adelarosa342@yahoo.com
221,late night study,adelarosa342@yahoo.com
226,late night study,adelarosa342@yahoo.com
227,late night study,adelarosa342@yahoo.com
171,late night study,adelarosa342@yahoo.com
173,sad songs for sad bois :(,slambert47@yahoo.com
174,sad songs for sad bois :(,slambert47@yahoo.com
178,sad songs for sad bois :(,slambert47@yahoo.com
204,sad songs for sad bois :(,slambert47@yahoo.com
205,sad songs for sad bois :(,slambert47@yahoo.com
206,sad songs for sad bois :(,slambert47@yahoo.com
162,two hands,nwoods389@hotmail.com
163,two hands,nwoods389@hotmail.com
164,two hands,nwoods389@hotmail.com
165,two hands,nwoods389@hotmail.com
174,two hands,nwoods389@hotmail.com
175,two hands,nwoods389@hotmail.com
176,two hands,nwoods389@hotmail.com
177,two hands,nwoods389@hotmail.com
178,two hands,nwoods389@hotmail.com
196,two hands,nwoods389@hotmail.com
197,two hands,nwoods389@hotmail.com
198,two hands,nwoods389@hotmail.com
199,two hands,nwoods389@hotmail.com
200,two hands,nwoods389@hotmail.com
204,BIG. POT. OF HUMMUS.,nbutler362@hotmail.com
53,In my head,rcordova576@live.com
47,In my head,rcordova576@live.com
63,In my head,rcordova576@live.com
82,In my head,rcordova576@live.com
142,In my head,rcordova576@live.com
141,In my head,rcordova576@live.com
243,In my head,rcordova576@live.com
255,In my head,rcordova576@live.com
269,In my head,rcordova576@live.com
260,In my head,rcordova576@live.com
261,In my head,rcordova576@live.com
1,In my head,rcordova576@live.com
286,On love,tshepherd781@live.com
300,On love,tshepherd781@live.com
289,On love,tshepherd781@live.com
295,On love,tshepherd781@live.com
220,On love,tshepherd781@live.com
215,On love,tshepherd781@live.com
172,On love,tshepherd781@live.com
145,On love,tshepherd781@live.com
78,On love,tshepherd781@live.com
79,On love,tshepherd781@live.com
54,On love,tshepherd781@live.com
55,On love,tshepherd781@live.com
23,On love,tshepherd781@live.com
29,On love,tshepherd781@live.com
63,On love,tshepherd781@live.com
69,On love,tshepherd781@live.com
249,fuyrciy97tp0,rbarrett43@msn.com
250,fuyrciy97tp0,rbarrett43@msn.com
252,fuyrciy97tp0,rbarrett43@msn.com
253,fuyrciy97tp0,rbarrett43@msn.com
254,fuyrciy97tp0,rbarrett43@msn.com
120,fuyrciy97tp0,rbarrett43@msn.com
128,fuyrciy97tp0,rbarrett43@msn.com
130,fuyrciy97tp0,rbarrett43@msn.com
132,fuyrciy97tp0,rbarrett43@msn.com
136,fuyrciy97tp0,rbarrett43@msn.com
280,fuyrciy97tp0,rbarrett43@msn.com
272,fuyrciy97tp0,rbarrett43@msn.com
293,lofi hip-hop study girl,lhayes15@hotmail.com
247,lofi hip-hop study girl,lhayes15@hotmail.com
215,lofi hip-hop study girl,lhayes15@hotmail.com
221,lofi hip-hop study girl,lhayes15@hotmail.com
112,lofi hip-hop study girl,lhayes15@hotmail.com
113,lofi hip-hop study girl,lhayes15@hotmail.com
17,lofi hip-hop study girl,lhayes15@hotmail.com
1,diamonds are a girl's _ ?,lhayes15@hotmail.com
8,diamonds are a girl's _ ?,lhayes15@hotmail.com
17,diamonds are a girl's _ ?,lhayes15@hotmail.com
68,diamonds are a girl's _ ?,lhayes15@hotmail.com
72,diamonds are a girl's _ ?,lhayes15@hotmail.com
91,diamonds are a girl's _ ?,lhayes15@hotmail.com
94,diamonds are a girl's _ ?,lhayes15@hotmail.com
110,diamonds are a girl's _ ?,lhayes15@hotmail.com
111,diamonds are a girl's _ ?,lhayes15@hotmail.com
144,diamonds are a girl's _ ?,lhayes15@hotmail.com
145,diamonds are a girl's _ ?,lhayes15@hotmail.com
162,diamonds are a girl's _ ?,lhayes15@hotmail.com
158,diamonds are a girl's _ ?,lhayes15@hotmail.com
189,diamonds are a girl's _ ?,lhayes15@hotmail.com
238,diamonds are a girl's _ ?,lhayes15@hotmail.com
239,diamonds are a girl's _ ?,lhayes15@hotmail.com
222,diamonds are a girl's _ ?,lhayes15@hotmail.com
196,diamonds are a girl's _ ?,lhayes15@hotmail.com
185,diamonds are a girl's _ ?,lhayes15@hotmail.com
187,diamonds are a girl's _ ?,lhayes15@hotmail.com
147,diamonds are a girl's _ ?,lhayes15@hotmail.com
2,diamonds are a girl's _ ?,lhayes15@hotmail.com
1,studying,zglenn662@hotmail.com
2,studying,zglenn662@hotmail.com
3,studying,zglenn662@hotmail.com
4,studying,zglenn662@hotmail.com
5,studying,zglenn662@hotmail.com
6,studying,zglenn662@hotmail.com
7,studying,zglenn662@hotmail.com
8,studying,zglenn662@hotmail.com
29,studying,zglenn662@hotmail.com
30,studying,zglenn662@hotmail.com
31,studying,zglenn662@hotmail.com
32,studying,zglenn662@hotmail.com
33,studying,zglenn662@hotmail.com
17,all about Norah,zglenn662@hotmail.com
18,all about Norah,zglenn662@hotmail.com
19,all about Norah,zglenn662@hotmail.com
20,all about Norah,zglenn662@hotmail.com
21,all about Norah,zglenn662@hotmail.com
22,all about Norah,zglenn662@hotmail.com
23,all about Norah,zglenn662@hotmail.com
24,all about Norah,zglenn662@hotmail.com
25,all about Norah,zglenn662@hotmail.com
26,all about Norah,zglenn662@hotmail.com
27,all about Norah,zglenn662@hotmail.com
28,all about Norah,zglenn662@hotmail.com
29,all about Norah,zglenn662@hotmail.com
30,all about Norah,zglenn662@hotmail.com
31,all about Norah,zglenn662@hotmail.com
32,all about Norah,zglenn662@hotmail.com
33,all about Norah,zglenn662@hotmail.com
34,all about Norah,zglenn662@hotmail.com
35,all about Norah,zglenn662@hotmail.com
36,all about Norah,zglenn662@hotmail.com
37,rock n rolling out of here,zarias345@msn.com
38,rock n rolling out of here,zarias345@msn.com
39,rock n rolling out of here,zarias345@msn.com
40,rock n rolling out of here,zarias345@msn.com
41,rock n rolling out of here,zarias345@msn.com
42,rock n rolling out of here,zarias345@msn.com
43,rock n rolling out of here,zarias345@msn.com
44,rock n rolling out of here,zarias345@msn.com
45,rock n rolling out of here,zarias345@msn.com
46,rock n rolling out of here,zarias345@msn.com
47,rock n rolling out of here,zarias345@msn.com
48,rock n rolling out of here,zarias345@msn.com
49,rock n rolling out of here,zarias345@msn.com
50,rock n rolling out of here,zarias345@msn.com
51,rock n rolling out of here,zarias345@msn.com
52,rock n rolling out of here,zarias345@msn.com
53,rock n rolling out of here,zarias345@msn.com
54,rock n rolling out of here,zarias345@msn.com
55,rock n rolling out of here,zarias345@msn.com
56,rock n rolling out of here,zarias345@msn.com
57,rock n rolling out of here,zarias345@msn.com
58,rock n rolling out of here,zarias345@msn.com
59,rock n rolling out of here,zarias345@msn.com
60,rock n rolling out of here,zarias345@msn.com
61,rock n rolling out of here,zarias345@msn.com
62,rock n rolling out of here,zarias345@msn.com
63,rock n rolling out of here,zarias345@msn.com
64,rock n rolling out of here,zarias345@msn.com
65,rock n rolling out of here,zarias345@msn.com
66,rock n rolling out of here,zarias345@msn.com
67,rock n rolling out of here,zarias345@msn.com
68,rock n rolling out of here,zarias345@msn.com
69,rock n rolling out of here,zarias345@msn.com
70,rock n rolling out of here,zarias345@msn.com
71,rock n rolling out of here,zarias345@msn.com
108,random,zarias345@msn.com
113,random,zarias345@msn.com
122,random,zarias345@msn.com
139,random,zarias345@msn.com
143,random,zarias345@msn.com
145,random,zarias345@msn.com
150,random,zarias345@msn.com
164,random,zarias345@msn.com
173,random,zarias345@msn.com
175,random,zarias345@msn.com
179,random,zarias345@msn.com
182,random,zarias345@msn.com
186,random,zarias345@msn.com
191,random,zarias345@msn.com
196,random,zarias345@msn.com
229,another one,zarias345@msn.com
230,another one,zarias345@msn.com
232,another one,zarias345@msn.com
233,another one,zarias345@msn.com
234,another one,zarias345@msn.com
241,another one,zarias345@msn.com
242,another one,zarias345@msn.com
243,another one,zarias345@msn.com
247,another one,zarias345@msn.com
248,another one,zarias345@msn.com
249,another one,zarias345@msn.com
253,another one,zarias345@msn.com
254,another one,zarias345@msn.com
257,another one,zarias345@msn.com
261,another one,zarias345@msn.com
264,another one,zarias345@msn.com
266,another one,zarias345@msn.com
268,another one,zarias345@msn.com
273,another one,zarias345@msn.com
275,another one,zarias345@msn.com
278,another one,zarias345@msn.com
282,another one,zarias345@msn.com
285,another one,zarias345@msn.com
289,another one,zarias345@msn.com
294,another one,zarias345@msn.com
297,another one,zarias345@msn.com
298,another one,zarias345@msn.com