1,Blossom,milkychance.hq@gmail.com,Blossom
2,Blossom,milkychance.hq@gmail.com,Ego
3,Blossom,milkychance.hq@gmail.com,Firebird
4,Blossom,milkychance.hq@gmail.com,Doing Good
5,Blossom,milkychance.hq@gmail.com,Clouds
6,Blossom,milkychance.hq@gmail.com,Cold Blue Rain
7,Sadnecessary,milkychance.hq@gmail.com,Stunner
8,Sadnecessary,milkychance.hq@gmail.com,Flashed Junked Mind
9,Sadnecessary,milkychance.hq@gmail.com,Becoming
10,Sadnecessary,milkychance.hq@gmail.com,Running
11,Sadnecessary,milkychance.hq@gmail.com,Feathery
12,Sadnecessary,milkychance.hq@gmail.com,Indigo
13,Mind the Moon,milkychance.hq@gmail.com,Fado
14,Mind the Moon,milkychance.hq@gmail.com,Oh Mama
15,Mind the Moon,milkychance.hq@gmail.com,The Game
16,Mind the Moon,milkychance.hq@gmail.com,Rush
17,Come Away with Me,norah.jones31@gmail.com,Don't Know Why
18,Come Away with Me,norah.jones31@gmail.com,Seven Years
19,Come Away with Me,norah.jones31@gmail.com,Cold Cold Heart
20,Come Away with Me,norah.jones31@gmail.com,Feelin' the Same Way
21,Come Away with Me,norah.jones31@gmail.com,Come Away with Me
22,Come Away with Me,norah.jones31@gmail.com,Shoot the Moon
23,Come Away with Me,norah.jones31@gmail.com,Turn Me On
24,Come Away with Me,norah.jones31@gmail.com,Lone Start
25,Come Away with Me,norah.jones31@gmail.com,I've Got to See You Again
26,Come Away with Me,norah.jones31@gmail.com,Painter Song
27,Come Away with Me,norah.jones31@gmail.com,One Flight Down
28,Feels  like Home,norah.jones31@gmail.com,Sunrise
29,Feels  like Home,norah.jones31@gmail.com,What Am I to You?
30,Feels  like Home,norah.jones31@gmail.com,Those Sweet Words
31,Feels  like Home,norah.jones31@gmail.com,Carnival Town
32,Feels  like Home,norah.jones31@gmail.com,In the Morning
33,Feels  like Home,norah.jones31@gmail.com,Be Here to Love Me
34,Feels  like Home,norah.jones31@gmail.com,Creepin' In
35,Feels  like Home,norah.jones31@gmail.com,Toes
36,Feels  like Home,norah.jones31@gmail.com,Humble Me
37,Cuts Like a Knife,bryan.adams41@hotmail.com,The Only One
38,Cuts Like a Knife,bryan.adams41@hotmail.com,Take Me Back
39,Cuts Like a Knife,bryan.adams41@hotmail.com,This Time
40,Cuts Like a Knife,bryan.adams41@hotmail.com,Straight From the Heart
41,Cuts Like a Knife,bryan.adams41@hotmail.com,Cuts Like a Knife
42,Cuts Like a Knife,bryan.adams41@hotmail.com,I'm Ready
43,Cuts Like a Knife,bryan.adams41@hotmail.com,What's It Gonna Be
44,Cuts Like a Knife,bryan.adams41@hotmail.com,Don't Leave Me Lonely
45,Cuts Like a Knife,bryan.adams41@hotmail.com,Let Him Know
46,Cuts Like a Knife,bryan.adams41@hotmail.com,The Best Was Yet to Come
47,Reckless,bryan.adams41@hotmail.com,One Night Love Affair
48,Reckless,bryan.adams41@hotmail.com,She's Only Happy When She's Dancin
49,Reckless,bryan.adams41@hotmail.com,Run to You
50,Reckless,bryan.adams41@hotmail.com,Heaven
51,Reckless,bryan.adams41@hotmail.com,Somebody
52,Reckless,bryan.adams41@hotmail.com,Summer of '69
53,Reckless,bryan.adams41@hotmail.com,Kids Wanna Rock
54,Reckless,bryan.adams41@hotmail.com,It's Only Love
55,Reckless,bryan.adams41@hotmail.com,Long Gone
56,Reckless,bryan.adams41@hotmail.com,Ain't Gonna Cry
57,Live From Paris,u2.official@icloud.com,I Will Follow
58,Live From Paris,u2.official@icloud.com,Trip Through Your Wires
59,Live From Paris,u2.official@icloud.com,I Still Haven't Found What I'm Looking For
60,Live From Paris,u2.official@icloud.com,Sunday Bloody Sunday
61,Songs of Innocence,u2.official@icloud.com,The Miracle (of Joey Ramone)
62,Songs of Innocence,u2.official@icloud.com,Every Breaking Wave
63,Songs of Innocence,u2.official@icloud.com,California (There Is No End to Love)
64,Songs of Innocence,u2.official@icloud.com,Song for Someone
65,Songs of Innocence,u2.official@icloud.com,Iris (Hold Me Close)
66,Songs of Innocence,u2.official@icloud.com,Volcano
67,Songs of Innocence,u2.official@icloud.com,Raised by Wolves
68,Songs of Innocence,u2.official@icloud.com,Cedarwood Road
69,Songs of Innocence,u2.official@icloud.com,Sleep Like a Baby Tonight
70,Songs of Innocence,u2.official@icloud.com,This Is Where You Can Reach Me Now
71,Songs of Innocence,u2.official@icloud.com,The Troubles
72,Staying at Tamara's,george.ezra.cool@me.com,Hold My Girl
73,Staying at Tamara's,george.ezra.cool@me.com,Saviour
74,Staying at Tamara's,george.ezra.cool@me.com,Only Human
75,Staying at Tamara's,george.ezra.cool@me.com,The Beautiful Dream
76,Ego Death,the_internet@hotmail.com,Just Sayin/I Tried
77,Ego Death,the_internet@hotmail.com,Girl
78,Ego Death,the_internet@hotmail.com,Special Affair
79,Come Over,the_internet@hotmail.com,Come Over
80,Demon Days,gorillazzz@me.com,Intro
81,Demon Days,gorillazzz@me.com,Last Living Souls
82,Demon Days,gorillazzz@me.com,Kids With Guns
83,Demon Days,gorillazzz@me.com,O Green World
84,Demon Days,gorillazzz@me.com,Dirty Harry
85,Demon Days,gorillazzz@me.com,Feel Good Inc.
86,Demon Days,gorillazzz@me.com,El Mañana
87,Demon Days,gorillazzz@me.com,Every Planet We Reach Is Dead
88,Demon Days,gorillazzz@me.com,November Has Come
89,Demon Days,gorillazzz@me.com,All Alone
90,Demon Days,gorillazzz@me.com,White Light
91,Demon Days,gorillazzz@me.com,DARE
92,Demon Days,gorillazzz@me.com,Fire Coming Out of the Monkey's Head
93,Demon Days,gorillazzz@me.com,Don't Get Lost in Heaven
94,Demon Days,gorillazzz@me.com,Demon Days
95,Silent Alarm,bloc77party@yahoo.com,Like Eating Glass
96,Silent Alarm,bloc77party@yahoo.com,Helicopter
97,Silent Alarm,bloc77party@yahoo.com,Positive Tension
98,Silent Alarm,bloc77party@yahoo.com,Banquet
99,Silent Alarm,bloc77party@yahoo.com,Blue Light
100,Silent Alarm,bloc77party@yahoo.com,She's Hearing Voices
101,Silent Alarm,bloc77party@yahoo.com,This Modern Love
102,Silent Alarm,bloc77party@yahoo.com,The Pioneers
103,Silent Alarm,bloc77party@yahoo.com,The Price of Gasoline
104,Silent Alarm,bloc77party@yahoo.com,Little Thoughts
105,Silent Alarm,bloc77party@yahoo.com,So Here We Are
106,Silent Alarm,bloc77party@yahoo.com,Luno
107,Silent Alarm,bloc77party@yahoo.com,Plans
108,Silent Alarm,bloc77party@yahoo.com,Compliments
109,A Weekend In The City,bloc77party@yahoo.com,Hunting for Witches
110,A Weekend In The City,bloc77party@yahoo.com,Flux
111,Transsiberian,thylacine@icloud.com,Piany Pianino
112,Spider-Man: Into the Spider-Verse (Original Score),danielpemberton@music.com,Into the Spider-Verse
113,Spider-Man: Into the Spider-Verse (Original Score),danielpemberton@music.com,Only One Spider-Man
114,Spider-Man: Into the Spider-Verse (Original Score),danielpemberton@music.com,"Visions Brooklyn 1, 2, 3"
115,Spider-Man: Into the Spider-Verse (Original Score),danielpemberton@music.com,Security Guard
116,Spider-Man: Into the Spider-Verse (Original Score),danielpemberton@music.com,Comic Book
117,Spider-Man: Into the Spider-Verse (Original Score),danielpemberton@music.com,Green Goblin Fight
118,Spider-Man: Into the Spider-Verse (Original Score),danielpemberton@music.com,The Amazing Spider-Man
119,Get Down,retrov1s10n@gmail.com,Get Down
120,Subway Gawdz,2manyzooz@hotmail.com,Warriors
121,Subway Gawdz,2manyzooz@hotmail.com,Tricerahops
122,Subway Gawdz,2manyzooz@hotmail.com,Subway Gawdz
123,Canon,overwerk@me.com,Canon
124,Canon,overwerk@me.com,Toccata
125,Canon,overwerk@me.com,Create
126,Canon,overwerk@me.com,Canon Pt. II
127,Canon,overwerk@me.com,Winter
128,State,overwerk@me.com,Funeral
129,State,overwerk@me.com,Phase
130,State,overwerk@me.com,Monuments ft. Black Atlass
131,State,overwerk@me.com,Reflect
132,State,overwerk@me.com,Revival
133,State,overwerk@me.com,Need
134,State,overwerk@me.com,Nights
135,State,overwerk@me.com,Reign
136,SOUND & FURY,sturgill@simpson.com,Remember To Breathe
137,SOUND & FURY,sturgill@simpson.com,Sing Along
138,SOUND & FURY,sturgill@simpson.com,Make Art Not Friends
139,SOUND & FURY,sturgill@simpson.com,Best Clockmaker On Mars
140,SOUND & FURY,sturgill@simpson.com,Mercury In Retrograde
141,The Golden Age,woodkiiid@gmail.com,The Golden Age
142,The Golden Age,woodkiiid@gmail.com,Run Boy Run
143,The Golden Age,woodkiiid@gmail.com,The Great Escape
144,The Golden Age,woodkiiid@gmail.com,Boat Song
145,The Golden Age,woodkiiid@gmail.com,I Love You
146,The Golden Age,woodkiiid@gmail.com,Stabat Mater
147,The Golden Age,woodkiiid@gmail.com,Conquest of Spaces
148,The Golden Age,woodkiiid@gmail.com,Iron
149,Lunatic,kongoskongos@kongos.com,Come With Me Now
150,Closer,nuages@icloud.com,Closer
151,Pity Boy,mal.blum@gmail.com,Things Still Left To Say
152,Pity Boy,mal.blum@gmail.com,Not My Job
153,Pity Boy,mal.blum@gmail.com,See Me
154,Pity Boy,mal.blum@gmail.com,Odds
155,Pity Boy,mal.blum@gmail.com,Splinter
156,Pity Boy,mal.blum@gmail.com,Black Coffee
157,Pity Boy,mal.blum@gmail.com,Did You Get What You Wanted
158,Pity Boy,mal.blum@gmail.com,I Don't Want To
159,Pity Boy,mal.blum@gmail.com,Salt Flats
160,Pity Boy,mal.blum@gmail.com,Maybe I'll Wait
161,Pity Boy,mal.blum@gmail.com,Gotta Go
162,You Look A Lot Like Me,mal.blum@gmail.com,Archive
163,You Look A Lot Like Me,mal.blum@gmail.com,Better Go
164,You Look A Lot Like Me,mal.blum@gmail.com,Robert Frost
165,You Look A Lot Like Me,mal.blum@gmail.com,Cool Party
166,You Look A Lot Like Me,mal.blum@gmail.com,"Split, Splitting"
167,You Look A Lot Like Me,mal.blum@gmail.com,Reality TV
168,You Look A Lot Like Me,mal.blum@gmail.com,Iowa
169,You Look A Lot Like Me,mal.blum@gmail.com,Better Than I Was
170,You Look A Lot Like Me,mal.blum@gmail.com,New Orleans
171,You Look A Lot Like Me,mal.blum@gmail.com,The Shrink Thinks
172,Masterpiece,bigthief@gmail.com,Masterpiece
173,Masterpiece,bigthief@gmail.com,Vegas
174,Masterpiece,bigthief@gmail.com,Real Love
175,Masterpiece,bigthief@gmail.com,Interstate
176,Masterpiece,bigthief@gmail.com,Lorraine
177,Masterpiece,bigthief@gmail.com,Paul
178,Masterpiece,bigthief@gmail.com,Humans
179,Masterpiece,bigthief@gmail.com,Velvet Ring
180,Masterpiece,bigthief@gmail.com,Animals
181,Masterpiece,bigthief@gmail.com,Randy
182,Masterpiece,bigthief@gmail.com,Parallels
183,Two Hands,bigthief@gmail.com,Forgotten Eyes
184,Two Hands,bigthief@gmail.com,The Toy
185,Two Hands,bigthief@gmail.com,Two Hands
186,Two Hands,bigthief@gmail.com,Those Girls
187,Two Hands,bigthief@gmail.com,Shoulders
188,Two Hands,bigthief@gmail.com,Not
189,Two Hands,bigthief@gmail.com,Wolf
190,Two Hands,bigthief@gmail.com,"Replaced (Lenker, Buck Meek)"
191,Two Hands,bigthief@gmail.com,Cut My Hair
192,Room 25,nnme@live.com,Blaxploitation
193,Room 25,nnme@live.com,Prayer Song (featuring Adam Ness)
194,Room 25,nnme@live.com,Window
195,Room 25,nnme@live.com,Don't Forget About Me
196,Room 25,nnme@live.com,Regal
197,Room 25,nnme@live.com,Montego Bae
198,Room 25,nnme@live.com,Ace
199,Room 25,nnme@live.com,Part of Me
200,Room 25,nnme@live.com,With You
201,Room 25,nnme@live.com,No Name
202,Song 31,nnme@live.com,Song 31
203,Song 32,nnme@live.com,Song 32
204,Big Pot of Hummus,rosenthal@gmail.com,Big Pot of Hummus
205,Lemon Boy,cavetowninq@gmail.com,Green
206,Lemon Boy,cavetowninq@gmail.com,It's U
207,Lemon Boy,cavetowninq@gmail.com,Fool
208,Lemon Boy,cavetowninq@gmail.com,Another One of Those Days
209,Lemon Boy,cavetowninq@gmail.com,Taking Care of Things
210,Lemon Boy,cavetowninq@gmail.com,Big Bowl in The Sky
211,Lemon Boy,cavetowninq@gmail.com,888
212,Lemon Boy,cavetowninq@gmail.com,Poison
213,Lemon Boy,cavetowninq@gmail.com,10 Feet Tall
214,Lemon Boy,cavetowninq@gmail.com,I'll Make Cereal
215,Suite Für Orchester Nr. 2 H-Moll BWV 1067,jsbach@yahoo.com,Erster Satz: Ouvertüre
216,Suite Für Orchester Nr. 2 H-Moll BWV 1067,jsbach@yahoo.com,Zweiter Satz: Rondeau
217,Suite Für Orchester Nr. 2 H-Moll BWV 1067,jsbach@yahoo.com,Dritter Satz: Sarabande
218,Suite Für Orchester Nr. 2 H-Moll BWV 1067,jsbach@yahoo.com,Vierter Satz: Bourrée I Und II
219,Suite Für Orchester Nr. 2 H-Moll BWV 1067,jsbach@yahoo.com,Fünfter Satz: Polonaise
220,Suite Für Orchester Nr. 2 H-Moll BWV 1067,jsbach@yahoo.com,Sechster Satz: Menuett
221,Suite Für Orchester Nr. 2 H-Moll BWV 1067,jsbach@yahoo.com,Siebter Satz: Badinerie
222,Imaginaerum,nightwishofficial@gmail.com,Taikatalvi
223,Imaginaerum,nightwishofficial@gmail.com,Storytime
224,Imaginaerum,nightwishofficial@gmail.com,Ghost River
225,Imaginaerum,nightwishofficial@gmail.com,"Slow, Love, Slow"
226,Imaginaerum,nightwishofficial@gmail.com,I Want My Tears Back
227,Imaginaerum,nightwishofficial@gmail.com,Scaretale
228,Imaginaerum,nightwishofficial@gmail.com,Arabesque
,Imaginaerum,nightwishofficial@gmail.com,Turn Loose The Mermaids
229,Imaginaerum,nightwishofficial@gmail.com,Rest Calm
230,Imaginaerum,nightwishofficial@gmail.com,"The Crow, The Owl And The Dove"
232,Imaginaerum,nightwishofficial@gmail.com,Last Ride Of The Day
233,Dark Passion Play,nightwishofficial@gmail.com,The Poet And The Pendulum
234,Dark Passion Play,nightwishofficial@gmail.com,Bye Bye Beautiful
235,Dark Passion Play,nightwishofficial@gmail.com,Amaranth
236,Dark Passion Play,nightwishofficial@gmail.com,Cadence Of Her Last Breath
237,Dark Passion Play,nightwishofficial@gmail.com,Master Passion Greed
238,Dark Passion Play,nightwishofficial@gmail.com,Eva
239,Dark Passion Play,nightwishofficial@gmail.com,Sahara
240,Dark Passion Play,nightwishofficial@gmail.com,Whoever Brings The Night
241,Dark Passion Play,nightwishofficial@gmail.com,For The Heart I Once Had
242,Dark Passion Play,nightwishofficial@gmail.com,The Islander
243,Dark Passion Play,nightwishofficial@gmail.com,Last Of The Wilds
244,Dark Passion Play,nightwishofficial@gmail.com,7 Days To The Wolves
245,Dark Passion Play,nightwishofficial@gmail.com,Meadows Of Heaven
246,Build My Life,bribb123@yandex.com,Build My Life
247,People,jonathanmcreynolds@telus.com,People
248,yes & no,xylosocial@gmail.com,Yes & No
249,yes & no,xylosocial@gmail.com,Ride Or Die
250,yes & no,xylosocial@gmail.com,The End
251,yes & no,xylosocial@gmail.com,Ordinary
252,yes & no,xylosocial@gmail.com,Bad Habit
253,yes & no,xylosocial@gmail.com,Illusion
254,The Suburbs,arcadefire@flames.com,The Suburbs
255,The Suburbs,arcadefire@flames.com,Ready To Start
256,The Suburbs,arcadefire@flames.com,Modern Man
257,The Suburbs,arcadefire@flames.com,Rococo
258,The Suburbs,arcadefire@flames.com,Empty Room
259,The Suburbs,arcadefire@flames.com,City With No Children
260,The Suburbs,arcadefire@flames.com,Half Light I
261,The Suburbs,arcadefire@flames.com,Half Light II (No Celebration)
262,The Suburbs,arcadefire@flames.com,Month Of May
263,The Suburbs,arcadefire@flames.com,Wasted Hours
264,The Suburbs,arcadefire@flames.com,Deep Blue
265,The Suburbs,arcadefire@flames.com,We Used To Wait
266,The Suburbs,arcadefire@flames.com,Sprawl I (Flatland)
267,The Suburbs,arcadefire@flames.com,Sprawl II (Mountains Beyond Mountains)
268,The Suburbs,arcadefire@flames.com,Suburban War
269,The Suburbs,arcadefire@flames.com,The Suburbs (Continued)
270,ISON,sevdaliza@sev.du,Shahmaran
271,ISON,sevdaliza@sev.du,Libertine
272,ISON,sevdaliza@sev.du,Marilyn Monroe
273,ISON,sevdaliza@sev.du,Hubris
274,ISON,sevdaliza@sev.du,Amandine Insensible
275,ISON,sevdaliza@sev.du,Hero
276,ISON,sevdaliza@sev.du,Scarlette
277,ISON,sevdaliza@sev.du,Bluecid
278,ISON,sevdaliza@sev.du,Loves Way
279,ISON,sevdaliza@sev.du,Human
280,ISON,sevdaliza@sev.du,Do You Feel Real
281,ISON,sevdaliza@sev.du,The Language Of Limbo
282,ISON,sevdaliza@sev.du,Replaceable
283,ISON,sevdaliza@sev.du,Grace
284,ISON,sevdaliza@sev.du,When I Reside
285,ISON,sevdaliza@sev.du,Angel
286,Ma Rainey,maraineysson@yahoo.com,Jealous Hearted Blues
287,Ma Rainey,maraineysson@yahoo.com,See See Rider Blues
288,Ma Rainey,maraineysson@yahoo.com,Jelly Bean Blues
289,Ma Rainey,maraineysson@yahoo.com,Countin' The Blues
290,Ma Rainey,maraineysson@yahoo.com,Slave To The Blues
291,Ma Rainey,maraineysson@yahoo.com,Chain Gang Blues
292,Ma Rainey,maraineysson@yahoo.com,Bessemer Bound Blues
293,Ma Rainey,maraineysson@yahoo.com,Wringin' And Twistin' Blues
294,Ma Rainey,maraineysson@yahoo.com,Mountain Jack Blues
295,Ma Rainey,maraineysson@yahoo.com,Trust No Man
296,Ma Rainey,maraineysson@yahoo.com,Morning Hour Blues
297,Ma Rainey,maraineysson@yahoo.com,Dead Drunk Blues
298,Ma Rainey,maraineysson@yahoo.com,Blues Oh Blues
299,Ma Rainey,maraineysson@yahoo.com,Gone Daddy Blues
300,Ma Rainey,maraineysson@yahoo.com,Slow Driving Moan